"","gear","mean_mpg","mean_disp"
"1",3,16.1066666666667,326.3
"2",4,24.5333333333333,123.016666666667
"3",5,21.38,202.48
